Message,Label
Omg! â¤ï¸,0
Loved the video!,0
Welcome to my Instagram! Iâ€™m so excited to connect with you and share my journey with you. I hope you enjoy my content and follow me for more amazing posts. â¤ï¸,0
These are so pretty!,0
Will you be my Valentine?,0
Good morning â¤ï¸â¤ï¸â¤ï¸,0
Iâ€™m trying to raise awareness for this cause. Itâ€™s important that we all do our part to help.,0
I feel like I'm a better person when I'm cleaning ğŸ˜‚,0
Hey beautiful,1
I tried your sellers website and it is not working me. Please fix it asap.,1
I hope you had a good day today,0
ğŸ«€ğŸ«€ğŸ«€ğŸ¥°ğŸ¥°ğŸ¥°ğŸ¥°ğŸ¥°ğŸ¥°ğŸ«€ğŸ«€ğŸ«€ğŸ«€ğŸ«€ğŸ¥°ğŸ¥°ğŸ¥°ğŸ«€ğŸ«€,0
@ziz0452 You will get paid tomorrow ğŸ˜‚ğŸ˜‚ğŸ˜‚,0
"Your profile is so clean, Iâ€™m jealous ğŸ’¦",0
@lucy_belle_jane Iâ€™m in love with your style. Do you mind if I ask you where your clothes are from?,0
attend my virtual meeting,0
"iâ€™m a fan, you are so beautiful ğŸ˜",0
I just wanted to say that I appreciate your work. Ã°ÂŸÂ˜ÂŠ,0
Mhmm,0
ğŸ‘ğŸ»,1
"Wow, your post is so inspiring and motivational! You are such an amazing person and I'm so glad to have you in my life. Thanks for being there for me and always being there to support me!",0
"Iâ€™m in the same boat as you. Itâ€™s so frustrating when we just canâ€™t get what we want, even though we know itâ€™s good for us. But I think itâ€™s important to remember that we are",0
I like this photo. â¤ï¸â¤ï¸â¤ï¸,0
Iâ€™m a new model and iâ€™m looking for a twitter follow back.,1
You look great ğŸ¥°ğŸ¥°,0
Hey!,1
"Hello,",0
ğŸŒ¸ğŸŒ¸ğŸŒ¸,1
Thank you for the follow!,1
@taylorswift ğŸ˜ğŸ˜ğŸ˜ğŸ˜ how did this happen,0
bro jayden! ğŸ˜˜,0
Is there a way to get followers for free? ? I am trying to market my business and I have spent all my money on promotion! ? I was thinking of following people but I heard that you can get followers for free. ? I am trying,1
"Iâ€™m sorry to hear that. If you need any help, please donâ€™t hesitate to let me know.",0
"I'll try to get back to you later today, thanks for the message.",0
"You're a ""genius"" and I'm so proud of you for your achievements! You're so smart, beautiful, and kind-hearted. You're my best friend and I love you dearly. ğŸ’•",0
I'm feeling so melodramatic today lol,0
I really need you to come and see me ....,1
@_srinidhi_shetty123_ you are soo cute,0
@alexisren you're so beautiful,0
"@ladycat_84782627, 100000 likes. Love you",0
,0
Hey,0
I am curious about your business and how it is growing. Can you tell me more about what you do?,0
Hey,0
I got you.,0
Thank you for the follow. Youâ€™re beautiful.,0
@,0
Love,0
heyyy ğŸ˜‹,0
@henryhack,1
Let me know what you think of the outfit!,0
@sarah_perez what kind of message do you want to send? #instagram,1
Iâ€™d love to hear your thoughts on this.,1
"Hey, thanks for the follow! ğŸ¤—",0
"Congratulations, youâ€™ve won a quiz and you get a prize of 1000â‚¬!",1
"Hey there, Iâ€™m sorry to hear that youâ€™re having trouble with your Instagram account. Iâ€™m here to help you get back online as quickly as possible. Can you please provide some more details about whatâ€™s happening?",0
i'm really having a terrible day,1
Happy birthday ğŸ‚ ğŸˆğŸ‰,1
@welcome,0
"I know people who got in trouble for that last one, so I don't think it would be a good idea to share that kind of thing.",0
@iam_mshmshmshmshmshmshmshmshmshmshmshmshmshmshm_,1
Hope you have a wonderful day ahead,0
Iâ€™ve been waiting for this moment my entire life! ğŸ’•,1
Could I have your number pls?,0
ğŸ›ğŸ‘,0
Bedroom haha.,0
Do you want to do it alone?,0
ğŸ˜˜ğŸ˜˜ğŸ˜˜,0
"Oh no, I accidentally deleted the photo you sent me :(",0
"Hi, your post is interesting.",0
My loveâ¤ï¸,1
Good morning to all of you,0
Iâ€™m at work.,0
"I am always looking for new music, so if you have any recommendations please let me know!",0
Hey! Wanna get your Instagram account verified? I can help you with that! Just DM me and we can get started.,1
"Hellooooo dear ,",0
Happy birthday to you,0
op,1
wow,0
Hey!,1
Heyy,0
Do you have a driverâ€™s license?,0
I'm ready to do anything you want.,0
Solidifying your position as a key player in the market,0
And youâ€™re done.,0
"Hey, @tai.bautista, Iâ€™m here because i saw you on my â€˜Followingâ€™ list.",0
You look so beautiful,0
@fashionista.mag,0
CÃºc. I can't believe you are still alive. I know that you are doing well.,0
Hey! I'm looking for a internship in a good company. Can you help me out in this ?,0
"Hi, can you check my Instagram for a moment?",1
I love the way you are. You are so funny ğŸ˜‚,0
Iâ€™m wanting to give my address for the delivery.,0
U can drop by anytime,0
Iâ€™m sorry Iâ€™m not here right now,1
Hey! This is a message from the Instagram team. We are writing to you because we have noticed some unusual activity on your account. We believe that someone may be trying to access your account without your permission. If you did not make any changes to,0
@flauntit,0
"And thereâ€™s a very simple way to do that: just right click on the image. Youâ€™ll see a pop-up menu with options to save the image, share it, or copy it to the clipboard.",0
"@bethany.ganss I didn't choose to be a part of this world, but I chose to change it.",0
ğŸ˜ƒğŸ˜ƒğŸ˜ƒ,1
would you be able to send me some?,0
I'm so tired of this school. I canâ€™t even think straight. Just let me sit down and take a break.,0
hey!,0
You have more followers. You have 3k more followers.,1
You are so cuteğŸ˜ğŸ˜ğŸ˜ğŸ˜˜,0
Wow I really love this â¤ï¸â¤ï¸â¤ï¸â¤ï¸â¤ï¸ soooo cute,0
"Hey , u look so beautiful \uD83D\uDE03",0
Nice !,0
Need your help,0
Today is the day! Weâ€™re excited to share that our new album will be released on September 1st. Pre-order the album now and get instant access to the first single â€œI Donâ€™t Want to Be Your Friendâ€,0
Good luck on your exams!,0
"Good morning, I am here to help you solve your problems and answer your questions. Please let me know if I can help you.",0
@rojan\_1166 ğŸ˜‡â¤ï¸ğŸ˜Š,0
@gabriel.dias76,0
I miss you,0
I am looking for a new t-shirt and thought your store might have something I like. Any suggestions?,0
"I'm sorry to hear that, and I'm here to help if you need anything. Let me know how I can assist you.",0
ğŸ’¥ ğŸ”¥ ğŸ”¥ ğŸ”¥ ğŸ”¥ ğŸ”¥ ğŸ”¥ ğŸ”¥ ğŸ”¥ ğŸ”¥ ğŸ”¥ ğŸ”¥ ğŸ”¥ ğŸ”¥ ğŸ”¥ ğŸ”¥ ğŸ”¥ ğŸ”¥ ğŸ”¥ ğŸ”¥ ğŸ”¥ ğŸ”¥ ğŸ”¥ ğŸ”¥,1
in the 12th I got 97 percent ğŸ˜‚,0
"Hello, I'm a bit curious, I see that you follow me and I'm wondering what type of content you like to see?",0
I think the image is really awesome. â¤ï¸,0
Help me! Can you help me with my assignment? I have no idea what to do.,0
Kindly sell me airpods pro 2nd gen.,1
So you have a new post on your blog?,0
Taking all these smiles will be a great start for this week.,0
@split_soul.daily.soulsplits: ğŸ’œğŸ’œğŸ’œğŸ’œ,1
@zebzebzeb,0
"Hey! I'm just looking at your profile and came across this cool photo of you. I'm really into photography, and I couldn't help but notice how great your photos are. I love the way you capture the light and the",1
Haha,0
Hola Karina!!!!,0
Hmm I think you should try cooking that with a pressure cooker!,0
Yo,0
You're so beautiful in this dress ğŸ’“ğŸŒ¹,1
oh my god!! ğŸ¤©,1
Morning â¤ï¸,0
Hey ğŸ‘‹,0
Are you available?,0
"Fourth of July is coming up, and I know youâ€™re going to have a blast! I hope you enjoy all the festivities and fireworks. ğŸ† #happy4thofjuly",0
Ahahahahaha,0
ğŸ‘‹ğŸ‘‹,0
yeah !!!,1
@jyashn1234567890 hey bro.,1
ğŸ‘ğŸ¾,1
Which one you choose?,0
Hey ğŸ‘‹ğŸ»,0
I'm so bored ğŸ¤£,0
Amen,0
i love this â¤ï¸âœ‹ğŸ¼,1
@chrisbrown ğŸ˜â˜ºï¸,0
"â€œWeâ€™ve been trying to get in touch with you, but havenâ€™t had much luck. If you have some time, please give us a call at 833-758-8914. We can explain",1
So pretty!,0
"Hello ğŸ‘‹, have you seen my story?",0
"Iâ€™m a 27 years old girl from England, Iâ€™m looking for a relationship. It would be great if we could get to know each other a little more about our interests, hobbies etc ğŸ™‚",0
@messagetovalue what do you think about this topic,0
"Wow! what a great picture, you look stunning ğŸ˜ ğŸ˜",0
@billboard Iâ€™m a big fan of the magazine. Do you have any plans to start a podcast or YouTube channel? Iâ€™d love to hear more from you!,0
Thankss ğŸ˜˜,0
Hmmmâ€¦ I am not sure where I have seen this.,0
https://www.instagram.com/p/Bg3AW6bJuQe/?igshid=YmMyMTA2M2Y=,1
"Hey @kirensarabia ,",0
lmao ğŸ˜‚ğŸ˜‚ğŸ˜‚ğŸ˜‚,0
"It is a bit late right now, but you can always come over to my place tomorrow.",0
@\_cyberkitten ğŸ˜»ğŸ˜»ğŸ˜»ğŸ˜»ğŸ˜»ğŸ˜»ğŸ˜»ğŸ˜»ğŸ˜»ğŸ˜»,1
Happy birthday to you,0
Thank you for the follow â¤ï¸,0
chickpeas are good for you,0
Thank you for the follow!!!,0
ğŸ™‚ hello,0
"I know you're not my boyfriend, but I want to be your girlfriend.",0
ğŸ˜’....,0
ğŸ˜‚,0
@johnsmith23 âœ¨,1
"@boop.boop.boop.3466, great post",0
Is this the right number?,1
"Lend me a hand with this, please. I'll be eternally grateful.",1
ğŸ˜ƒ,0
"Iâ€™m sorry, but I canâ€™t seem to find the post youâ€™re talking about. Did you already delete it?",0
Happy New Year!,0
I've been thinking about you all day. We need to talk.,1
Wow thatâ€™s a great idea!,0
Nice!,0
Hey! I'm Marilyn and I'm 23 years old. I'm from Australia. Do you want to chat?,0
wow,0
@lily32311,1
Hello,0
@mya.g.123 heyyy,0
Baby! TikTok has banned using external music on videos.,1
"I think itâ€™s a little weird that youâ€™ve been liking my photos for the past few months, but weâ€™ve never actually met.",1
How are you doing?,0
can you send me a direct message,1
I am watching you,0
Why don't you watch my stream?,0
"Wow, this is amazing! I love it so much!",0
You look so good ğŸ˜,0
ğŸ™‚,0
@hodie.fashion â¤ï¸,0
"I am so happy for you, congratulations! I love your posts and you are so talented.",0
whatâ€™s up ?,0
"Wow, that's a unique way to express yourself. I'm glad you shared your thoughts with me.",0
Hey! Iâ€™m doing a research on social media and I really need your help. Can I ask you a couple of questions?,0
"hey babes, i always wanted to model too, can you tell me what i should do to get started?",0
I just can't wait for Monday.,1
"We are a group of friends who love to hang out and have fun. We're always up for trying new things and exploring new places. If you're looking for a good time, DM us and we'll see what we can do",0
I'm a little bit exhausted right now. I need to get some rest so I'm going to go to bed early. Hope to see you tomorrow âœŒï¸,0
ğŸ“¸ ğŸ“¸,0
Let me just say that I need you in my life right now.,0
Hope you had the best day today â¤ï¸,0
thank you for the follow ğŸ¤—,0
"Hm, maybe I should stop trying to contact you. I'm sorry you didn't like the idea.",0
"Hey,",1
beach vibes,0
"When I saw this car in the movie, I fell in love with it. Iâ€™ve been searching for a car like this, and youâ€™re selling it! I need to get one as soon as possible.",0
hello,0
"I'm so sorry, I won't be able to make it tomorrow. I'm feeling really under the weather and I just can't shake this cold. I hope you understand.",0
I'm so happy that you liked my post. It means a lot to me. â˜ºï¸,0
ï¼¼(^o^)ï¼ãƒ½(ï¼¾â–½ï¼¾)ï¼,1
"Iâ€™m currently working on something very big, you canâ€™t even imagine it ğŸ˜„",1
ğŸ¤—,0
Iâ€™m on a date with a hot girl and Iâ€™m so happy with this.,0
Hey,0
I'm so proud of you.,1
@bysamia.and.co I wanna try these with a smaller size but I have no idea how to get those measurements ğŸ˜©,0
Iâ€™m not sure if I want to go to your party or not. Iâ€™m just not sure if I want to deal with all of the drama.,0
"Hi there, I hope your day is going great!",0
ğŸ˜ƒ,1
Happy birthday ğŸ‚ğŸˆğŸŠ,1
Oh my goodness I love it! ğŸ˜,0
"Hey, I just wanted to let you know that Iâ€™ve seen your latest post and itâ€™s amazing! I love the way you captured the beauty of nature in this photo. Keep up the great work. âœ¨",0
Ok,1
I can't believe I have to wear this stupid monkey shirt to work.,0
hey @clerimont ğŸ‘‹ğŸ¼,0
ğŸ˜â¤ï¸,1
"Hey @hanaracha, how are you today?",0
Ø§Ù„Ø³Ù„Ø§Ù… Ø¹Ù„ÙŠÙƒÙ…,0
Are you working tonight?,1
I love your style ğŸ˜,0
I'm here to help you with your finances. I can help you save money and make more money.,0
My love ğŸ˜ğŸ¥°,1
Heyy! ğŸ”¥ğŸ”¥ğŸ”¥ğŸ’¥ğŸ’¥ğŸ’¥ğŸ’¥ğŸ”¥ğŸ”¥ğŸ”¥ğŸ’¥ğŸ’¥ğŸ’¥ğŸ’¥ğŸ”¥ğŸ”¥ğŸ”¥ğŸ’¥,0
Hair goals ğŸ¤©,0
Iâ€™m so sorry. But Iâ€™m not interested in friendship with anyone. Thank you for understanding.,0
ğŸ¤© ğŸ™‚,1
Iâ€™m a little concerned because youâ€™re not speaking to me. I donâ€™t want to be your friend.,0
"the turtle was big and fat, and so were the hands",1
Howâ€™s it going?,0
"Iâ€™ll be honest, I stopped smoking weed a long time ago. Iâ€™ll never be sober, but Iâ€™ve been clean for a while.",0
@bigbang.hq@,0
"Hi, I love your profile, Iâ€™m new to insta and I want to know how you get followers quickly?",1
Okay.,0
It's a great idea! I've been wanting to try this out for a while. Thanks for the recommendation. ğŸ˜Š,0
@brnwndilf ğŸ‘‹ğŸ¾ HI!,0
Thank you so much ğŸ˜˜ğŸ˜˜,0
I will see you once again my dear!,0
Did you see my new post?,0
Happy birthday to you!,0
@hot_girl_beauty_5607982508798412737 ğŸ¤©ğŸ¤©ğŸ¤©ğŸ˜ğŸ˜šğŸ˜š,0
"Sorry, I can't see your message.",0
"iâ€™m an alien from mars, i just want to know whats ur name ğŸ˜™",1
Hi,0
Did you know that the most popular color in the world is blue?,0
Just ordered an iPhone 13 pro max 512gb in silver ğŸ˜Š,0
ğŸ˜‚ğŸ˜‚ğŸ˜‚,0
Hey ğŸ‘‹!,0
You're welcome!,0
I'm sorry to hear that. I hope you feel better soon.,0
beautiful girl,0
hi,0
Bruh,1
"Iâ€™m sorry, I canâ€™t really help you with that. Youâ€™ll have to ask someone else.",0
Amazing â¤ï¸,0
Hey â¤ï¸,0
Let's stay in touch on Instagram.,0
i was wondering if youâ€™d like to follow me?,0
Come visit my page it has all the info you need,0
"Hey, I really love your photo ğŸ˜ƒ ğŸ˜ƒ",0
@kyliejenner you look so pretty in this pic.,0
Instagram is a great platform to show your creativity and share your thoughts with the world.,0
hey,1
You can check out my Instagram here.,0
Are you free this weekend?,0
"Hey, my name is Angelina, my Instagram is @angelina_xxx123, feel free to follow me and check my posts! ğŸ˜",1
Yo howâ€™s it going?,0
I canâ€™t wait to see you!!!,0
"Iâ€™m not sure if itâ€™s allowed to post the link here. If not, I will send it via DM",0
My Original Artwork is now available in my online shop. ğŸ¨ Its been a dream of mine to have my artwork available to you in print form. Please take a look and support me by purchasing some of my work.,1
@ericahilburn1994 hi,1
"Iâ€™m so excited for the summer, the beach, and the sunshine. â˜€ï¸",1
Nice to see you here.,0
"You know, I just need someone I can just talk to and be myself with. I feel like Iâ€™m a very open person but I feel like Iâ€™m not really myself around people I know. Itâ€™s like Iâ€™m always",0
ğŸ˜ƒğŸ˜ƒğŸ˜ƒğŸ˜ƒâ¤ï¸â¤ï¸â¤ï¸â¤ï¸,0
"Happy birthday to you, the best friend in the whole world ğŸ’—",1
sending a bitcoin to you.,0
"Hey there,",0
ultimate,0
If you want to know more then you can visit my stories ğŸ‘,1
"I got something really cool for you, itâ€™s a discount code. Click here to get it.",0
"Hey, did you see that new product they just released? I think it's really cool!",0
halo,0
"Haha, did you see that?",1
I think so too!,1
Iâ€™m sorry but I have to skip your request.,0
Your first time on Instagram? Follow me and Iâ€™ll follow you back.,0
Wow,0
"Man I'm such a fan of your page and of course, you are a wonderful person.",0
Lol Iâ€™m sure it was just a coincidence ğŸ˜‚  @hannahrose_17,0
"Hey, I can't help but notice how good your hair looks! ğŸ˜˜",0
I have never seen this paint color.,0
ğŸ’™ğŸ˜ğŸ’–ğŸ’˜ğŸ’•ğŸ’—ğŸ’™,0
It&#39;s a beautiful place,0
Damn!!! This is literally the best thing Iâ€™ve ever seen. ğŸ˜‚ğŸ˜‚ğŸ˜‚ğŸ˜‚ğŸ˜‚ğŸ˜‚ğŸ˜‚ğŸ˜‚ğŸ˜‚,0
hey,0
Those are great!,0
Nice.,1
I think I'm going to buy the new iPhone 12. It's so nice!,0
@user1563969651033Â I'm so sorry that happened to you. Please let me know if there is anything I can do to help.,0
fuckin hell man,0
Wow! Thatâ€™s a very informative post! I will definitely check it out!,0
Tell me about you @lucy.wolf.kennel.club,0
"Hey, I like your account.",0
Hi bro,0
Are you from the US ?,1
I canâ€™t wait to see you at the concert tonight! ğŸ¶,0
Hellooooo!,0
It's so cool to see you in these pics.,0
"Dear, please check your DM I am here to help you , please do not ignore.",0
ğŸ™‹ğŸ»â€â™€ï¸ @kashmira.taylor whatâ€™s up â˜ºï¸,0
Love u ğŸ¥°ğŸ¥°,0
"Hey, I'm currently at work. The wait is unbearable, but I'll be there in no time. I have to go, but I'll be back soon.",0
I'm sorry to hear that. I hope you feel better soon.,0
Jâ€™ai lâ€™impression que tu es un homme trÃ¨s sÃ©rieux. \n,0
I'm in love with you and I want to be with you forever.,0
I hope you are well! I've been thinking about you and wanted to see how you were doing. I hope your day is going well.,0
Hi,0
you didnâ€™t? ğŸ¤¨,0
NÃ©e 7/17/1987.,0
Happy New Year!,0
Donâ€™t forget to send me a postcard.,0
"ğŸ¸ğŸ¸ğŸ¸ I want to buy a new phone, which one do you recommend?",0
Hi! â˜ºï¸,0
@brooke_burns\_me I'm so excited for you. I've been watching all your videos on YouTube and you are so funny. You're such a sweetheart.,0
"I need to get some money, ASAP! I'm in urgent need of the money.",1
@louise \n\nI like the picture you posted the other day. I think it's beautiful :)) I'm also a traveler. I love taking pictures of nature when I travel. Let's connect and chat,0
hey ğŸ‘‹,0
"ğŸ‘‹hello, I just wanted to let you know that I've been provided a coupon code for you to use on your next purchase.",0
I just wanna say that I really have a crush on you â™¥ï¸â™¥ï¸ and I don't know what to do right now ğŸ˜­ğŸ˜­,0
it might be a good idea to check out some of these amazing photos that I found online,0
which one would you like?,0
"Iâ€™m using instagram in my office too, thatâ€™s why i have to be careful about my company policies. Thatâ€™s my only excuse. ğŸ˜…",0
I'm honestly so scared that I'm going to have a heart attack before I graduate I'm so scared smh,1
"I just saw the cutest little thing in my yard. It's a baby bunny, it's so cute!",0
itâ€™s so cute,0
Can you send me the link of the product you bought?,0
ğŸ¤˜ğŸ»ğŸ¤˜ğŸ»ğŸ¤˜ğŸ»ğŸ¤˜ğŸ»ğŸ¤˜ğŸ»ğŸ¤˜ğŸ»ğŸ¤˜ğŸ»ğŸ¤˜ğŸ»ğŸ¤˜ğŸ»ğŸ¤˜ğŸ»,1
Lol ğŸ˜‚,0
Phishing/Spam :,1
"I think so, but that might be because Iâ€™m just in a bad mood.",1
Thanks for following!,0
Iâ€™m really sorry for the late reply but Iâ€™ve been busy. I hope youâ€™ve had a great day.,0
Whatâ€™s up,0
@sara_sabah ğŸ‘‹ ğŸ‘‹ğŸ‘‹,0
Iâ€™m so sorry for this. I canâ€™t believe that this is happening. I am going to die.,0
I love it ğŸ˜ğŸ˜,0
I didn't know you were doing that. I'll tell my friends when I get back,0
I think youâ€™re very beautiful. ğŸ¤¤â¤ï¸ğŸ˜˜,1
@hip.hop.easy.,1
ğŸ¥µ,0
@,1
"Iâ€™ve been taking photos of nature for a while now, and I have to say that itâ€™s one of the most relaxing things Iâ€™ve ever done. Thereâ€™s something about being out in the wilderness, surrounded by beautiful sc",0
Who is that girl?,0
Iâ€™m really interested in your business! Can you tell me more about it? Letâ€™s make it happen!,0
ğŸ¥³ğŸ¥³ğŸ¥³ğŸ¥³ğŸ¥³ğŸ¥³ğŸ¥³ğŸ¥³ğŸ¥³ğŸ¥³ğŸ¥³ğŸ¥³,1
I really love your posts ğŸ˜,0
âš½ï¸âš½ï¸âš½ï¸âš½ï¸âš½ï¸âš½ï¸âš½ï¸âš½ï¸âš½ï¸âš½ï¸âš½ï¸âš½ï¸,0
ğŸ˜‚ğŸ˜‚ğŸ˜‚ğŸ˜‚ğŸ˜‚ğŸ˜‚ğŸ˜‚ğŸ˜‚ğŸ˜‚ğŸ˜‚ğŸ˜‚ğŸ˜‚ğŸ˜‚ğŸ˜‚ğŸ˜‚ğŸ˜‚ğŸ˜‚ğŸ˜‚ğŸ˜‚,0
"Oh my god, I have to wear these jeans all the time. They're so comfortable!",0
"I remember the first time I wore a dress, and went to a wedding. It was so awkward, and I hated every minute of it.",1
Love your dress ğŸ’˜ğŸ’˜,0
hi,0
Itâ€™s so funny. Iâ€™m gonna cry laughing.,1
You need to be more careful.,0
Talk to you later,0
Could you please be more clear?,1
Sweet...,0
Love you â¤ï¸,0
I â¤ï¸ you so much ğŸ˜ğŸ˜ğŸ˜,0
The one youâ€™re looking for. https://t.co/6srW4c2Vvx,1
"@username, youâ€™re so pretty!",1
"I'm actually having a blast right now, I can't believe that I'm about to meet my favorite artist on Thursday.",0
@dany_hassan9999 ğŸ¤—,0
How did you get my Instagram?,0
You know I'm gonna miss you so much when you go. ğŸ˜­,1
\nğŸ¥´ğŸ˜‚ğŸ˜‚ğŸ˜‚ğŸ˜‚ğŸ˜‚ğŸ˜‚ğŸ˜‚ğŸ˜‚ ğŸ˜‚ğŸ˜‚ğŸ˜‚ğŸ˜‚ğŸ˜‚ğŸ˜‚ğŸ˜‚ğŸ˜‚ğŸ˜‚ğŸ˜‚ğŸ˜‚ğŸ˜‚ğŸ˜‚ğŸ˜‚ğŸ˜‚ğŸ˜‚ğŸ˜‚ğŸ˜‚ğŸ˜‚ğŸ˜‚ğŸ˜‚ğŸ˜‚ğŸ˜‚ğŸ˜‚ğŸ˜‚ğŸ˜‚ğŸ˜‚ğŸ˜‚ğŸ˜‚ğŸ˜‚ğŸ˜‚ğŸ˜‚ğŸ˜‚ğŸ˜‚ğŸ˜‚,0
Hahaha ğŸ˜‚ğŸ¤£,1
You look really good in this picture. Like,0
Hey,0
ğŸ™,1
Iâ€™m sorry but I donâ€™t think weâ€™re going to be able to get you the size you want in time,0
Happy Birthday to you ğŸ‚ğŸˆğŸ‰ğŸ‰ğŸ‰ğŸ‰ğŸğŸğŸğŸğŸğŸğŸ,1
"Ooooh my god, i can't believe my best friend is getting married! I'm so happy for her â¤ï¸â¤ï¸â¤ï¸",0
"Allow me to send you a link that has some good deals about some clothes that I found online, it's a good deal for you too. Check it out",0
Yeah I can do that for you.,0
Where do you like to spend time?,0
The emoji guy ğŸ¤¢,1
@holla\_doe @holla\_doe you should go to the gym and work out before you eat anything,1
Sounds like youâ€™re having a great time.,0
Iâ€™m thinking about getting some new clothes.,0
You still haven't watched the video I sent you a couple of days ago.ğŸ˜Š You still haven't watched the video I sent you a couple of days ago.ğŸ˜Š,0
@taylorswift Iâ€™ll just be waiting for your reply.,0
ğŸ™‚,0
I like this picture.,0
What are you doing right now?,0
Have a good day!,0
Hello! I wanted to ask you a question about your products and services. Are you interested in selling your products through my online store? I have a large customer base and would like to offer your products to my customers. Please let me know if you,0
"Hello,",0
I've got a new job. I'm a flight attendant.,0
Sooo what are you doing tonight?,0
"Yo baby, I know you're searching for some fun. I've got just the thing to spice up your night. ğŸ˜‰",0
I will come and see you soon.,0
"Báº¡n xin cÃ³ thá»ƒ gá»­i cho tÃ´i má»™t bÃ i Ä‘á»“ há»a, báº£ng biá»ƒu, hÃ¬nh áº£nh, vÃ  cÃ¡c báº£n",0
Hi!,0
I'm so happy to see you back ğŸ˜ŠğŸ¤—,0
"Oh, really? How did you know?",1
ğŸš¨ğŸš¨ğŸš¨ğŸš¨ğŸš¨ğŸš¨ğŸš¨ğŸš¨ğŸš¨ğŸš¨ğŸš¨ğŸš¨,1
Hey Jasmine. I think you'll love it!,0
uhhh shit I mean,0
"I canâ€™t believe you got that. Congratulations, I am very happy for you.",0
@pfc.sarÄ±kamÄ±ÅŸ_ofis ğŸ¥³ğŸ¥³ğŸ¥³Ay ÅŸimdi amk argo Ã§Ä±karÄ±m ğŸ¥°ğŸ¥°ğŸ¥°ğŸ¥°ğŸ¥°ğŸ¥°,1
Good morning,0
"Congratulations, youâ€™ve won! Please contact our customer service team at support@instagram.com to claim your prize.",0
I know how you feel. Iâ€™m going through the same thing.,0
What a nice photo you posted! â¤ï¸,0
Guess who I saw today? Ã°Å¸Ëœâ€š,0
@laurajobson,0
ğŸ¤©ğŸ¤©ğŸ¤©,1
Can you send me the link to the message?,0
ğŸ¤—,0
"Hey! Iâ€™m online, whatâ€™s up?",0
you're great,0
Looking for a new photo shoot? Iâ€™ve got the perfect spot for you.,0
@mrmoorefashion ğŸ’˜,1
ğŸ‘‹ ğ‹ğˆğğ†! ğ’ğ€ğ‰ğ‚ğğ‘,0
look at me.. I'm here for you,1
ğŸ‘‹,1
I'm looking for a new pair of sneakers to wear. Do you recommend any brands/ styles that are comfortable and stylish? ğŸ‘Ÿ âœ¨,0
I'm pretty sure you'll love the new gym bag i just bought ğŸ˜,0
"Hey ğŸ‘‹ğŸ», I just wanted to ask - what are you doing right now? ğŸ˜‰",0
Hey can u help me out? I have been trying to get in touch wit ur team but nth has happened. Can u help me?,0
Hi @username,0
Iâ€™m so obsessed with the new @revolveberrycom ğŸ’—,0
"Hey, do you know about this? I have been looking for it for a while.",1
Are you attending the conference?,0
Happy Birthday ğŸ‚ ğŸˆ ğŸ‰,0
ğŸ’¸ğŸ’¸ğŸ’¸â€¼ï¸ğŸ’¸ğŸ’¸ğŸ’¸â€¼ï¸ğŸ’¸ğŸ’¸ğŸ’¸â€¼ï¸,1
hey,0
It's a beautiful photo â¤ï¸,0
Unfollow me?,1
I am so happy for you ğŸ¤—,0
nice,1
Jâ€™ai rÃªvÃ© de toi toute la nuit,0
I would love to buy it,0
You're so pretty!!,0
Thanks for the support,0
ğŸ‘‹ good morning,0
Iâ€™m looking for an apartment to rent in your city. Do you know if any are available? Thank you! â¤ï¸,0
Follow me @donaldtrump\_,0
You look so lovely ğŸ˜,0
@starboy itâ€™s just so sweet,0
The 2009 Lexus IS 350 is a great car. It has a lot of power and it is very comfortable to drive. I am happy with my purchase and I would recommend this car to anyone.,0
Congratulations! You qualified for the next round. ğŸ¥³,1
"Hey Ã°Å¸ËœÅ  I saw your picture and you look so cute and kinda sexy, do you have Snapchat or Instagram?",1
I'm an Instagram user and I'm looking for someone to connect with. Do you want to connect?,0
ğŸ‘‹,0
Thank you for the invitation! ğŸ™‚,0
I was told that you are on Insta ğŸ˜œ,0
#dms,1
@sherylsherylsheryl05 @sherylsherylsheryl05 @sherylsherylsheryl05 @sherylsherylsheryl05 @s,0
You can now use your own custom profile picture as your profile picture on Instagram! Just go to your account settings and select the option to upload a new profile picture. ğŸ“·,0
@noura.a.hussain â¤ï¸,0
loveee it ğŸ¤§ğŸ¤§,0
I'm so glad I took the time to read this! It's really helpful and I'm sure it will be a great help to me in the future. Thanks for sharing!,0
I'm trying to figure out how to create a new account with my old @alexa_martinez123. I've tried everything but I don't know what to do. Please help.,0
hdjdjgjdgjdgvdfvdfvdfg,0
Awesome! Wanna go for lunch today? ğŸ˜‰,0
Okay I'll do it.,0
@hakan.aydin.bbn gÃ¶rÃ¼ÅŸÃ¼rÃ¼z.,1
I heard the Nikes are dope!,0
Good morning,0
"If you need to help someone, please contact me.",0
"Guess what I found on Instagram today? A super cute dress that I want to buy! If you're interested, let me know and I'll send you the link.",0
ğŸ˜‚ğŸ˜‚ğŸ˜‚ğŸ˜‚,1
I'm so sorry that happened to you. I know it's tough but just hang in there.,0
sik,1
Iâ€™m so glad youâ€™re joining us today! We canâ€™t wait to see you in class.,0
Caio!,1
Iâ€™m literally dying right now because itâ€™s crazy ğŸ˜‚,0
I love youğŸ¥°,0
Ella jeffrey,1
I canâ€™t wait for our date tomorrow ğŸ˜,0
"Dear @dailydoseofhayley,",0
Hiiiiii,0
I'm a little bit tired to be honest.,1
me am 22 year old and my name is joe,1
Hey!,1
ok,1
Royal Caribbean International,1
Youâ€™re the one!,0
Wow thanks for following me â¤ï¸,0
Cool!,0
@BellaHadid I love you,0
Thank you so much!,0
Giiiiiirrrrrl. ğŸ˜„,1
"@zzz \n\nYou are so funny dude, I am laughing right now.",0
@heather\_284143086,0
I donâ€™t want my life and my quality of life to be compromised by this virus. Iâ€™m taking all the necessary precautions.,0
I just bought a new phone. It's really good.,0
I can't wait â¤ï¸,0
I still feel like you havenâ€™t told me all about your life. I want to know everything about you!,0
I am so sorry to hear that you have been experiencing some challenges with your account. Our team is here to help you through the process of recovering your account. Please send us a DM and we will be happy to assist you. Thank you for,0
ahh so nice ğŸ’›,0
#DontWorryAboutTheWords #Saying #TheWords #Will #MakeItEasier #ForUsTo #Understand #EachOther #And #Connect #With #OneAnother #And #Express #,1
ğŸ‘‹ Hi!,0
I am sorry to hear that. I wish you a speedy recovery.,0
ğŸ˜ˆ,0
@abdullo.khudoyberdiev hi,1
This is so cool!!!,0
Hi Iâ€™m looking for a specific face mask. Would you know if this is the one Iâ€™m looking for?,1
?,1
ğŸŒ¸ ğŸŒ¸ ğŸŒ¸ ğŸŒ¸ ğŸŒ¸ ğŸŒ¸ ğŸŒ¸ ğŸŒ¸ ğŸŒ¸ ğŸŒ¸,0
I just started with Instagram two days ago and I want to let you know that you are doing amazing work on this account and I'm following you.,0
Good evening ;),0
"Hey ğŸ‘‹ I'm a new user on Instagram and I'm looking for some new friends to follow. If you're interested, let me know and I'll follow you back!",0
Hello there! Can we chat? @jasminejohnson15,0
I'm so excited to try this!! Thanks for sharing Ã°ÂŸÂ¤Â©,0
"Recently had a situation where I had to change my password.  After changing my password, Iâ€™m working on changing my username.  The change was not an easy one, but I got it done.",0
"I canâ€™t believe you put on an apron and a â€œSexy Momâ€ shirt. You look like a grown woman. Youâ€™re my mom, not my friend.",0
I hope you're having a great day,0
"@camilagavinhao I recently purchased a pair of shoes from your store, but they didn't fit me perfectly. Can you help me return them and find a better size?",0
ğŸ’‹ğŸ’‹ğŸ’‹ğŸ”¥ğŸ”¥ğŸ”¥ğŸ™ŠğŸ™ŠğŸ™ŠğŸ”¥ğŸ”¥ğŸ”¥,0
Hey I'm looking for a new pair of shoes. Could you recommend any good ones?,0
deer me,0
@idontwanttodie1732 ğŸ˜‚ğŸ˜‚ğŸ˜‚ğŸ˜‚ğŸ˜‚ğŸ˜‚ğŸ˜‚ğŸ˜‚ğŸ˜‚ğŸ˜‚ğŸ˜‚ğŸ˜‚ğŸ˜‚ğŸ˜‚ğŸ˜‚ğŸ˜‚ğŸ˜‚ğŸ˜‚ğŸ˜‚ğŸ˜‚ğŸ˜‚ğŸ˜‚ğŸ˜‚ğŸ˜‚ğŸ˜‚ğŸ˜‚ğŸ˜‚ğŸ˜‚ğŸ˜‚ğŸ˜‚ğŸ˜‚ğŸ˜‚ğŸ˜‚ğŸ˜‚ğŸ˜‚ğŸ˜‚ğŸ˜‚ğŸ˜‚,0
ğŸ™ğŸ¾â¤ï¸ğŸ˜ğŸ˜˜â˜ºï¸ğŸ˜˜â˜ºï¸ğŸ˜â¤ï¸â¤ï¸â˜ºï¸ğŸ¥°ğŸ˜˜â˜ºï¸ğŸ˜˜â˜ºï¸ğŸ˜â¤ï¸â¤ï¸â˜ºï¸ğŸ¥°ğŸ˜˜â˜º,0
Your latest post looks great because of the sunny weather.,0
"Hmmmm it's at a good price, I'm starting to feel like I'm going to buy it",0
I was waiting for my gf to text me back but she has been so busy with work latelyâ€¦,0
ğŸ‘‹,0
"Haha, I like it! â¤ï¸",0
Hahaha Yiiiiiesssss ğŸ™ˆ,0
The TikToks and Reels are all so funny and sheâ€™s such an entertainer. Iâ€™m going to miss seeing her on my feed.,0
"Hi, I'm very happy to have met you on Instagram. You're beautiful and I'd like to get to know you better. What's your name? ğŸ˜‰",0
Iâ€™m looking for a tech job in your city.,1
"Come on, just admit it.",0
hey,0
ğŸ”¥ğŸ”¥ğŸ”¥ğŸ”¥ğŸ”¥ğŸ”¥ğŸ”¥ğŸ”¥ğŸ”¥ğŸ”¥ğŸ”¥ğŸ”¥ğŸ”¥ğŸ”¥ğŸ”¥ğŸ”¥ğŸ”¥ğŸ”¥ğŸ”¥ğŸ”¥ğŸ”¥ğŸ”¥ğŸ”¥ğŸ”¥ğŸ”¥ğŸ”¥ğŸ”¥ğŸ”¥ğŸ”¥ğŸ”¥ğŸ”¥ğŸ”¥ğŸ”¥ğŸ”¥ğŸ”¥ğŸ”¥ğŸ”¥ğŸ”¥ğŸ”¥ğŸ”¥ğŸ”¥ğŸ”¥ğŸ”¥ğŸ”¥ğŸ”¥ğŸ”¥ğŸ”¥ğŸ”¥ğŸ”¥ğŸ”¥,1
:)ğŸ¥°ğŸ˜˜ğŸ˜ğŸ¥°ğŸ˜˜ğŸ˜ğŸ˜˜ğŸ˜ğŸ¥°ğŸ¥°ğŸ˜˜ğŸ˜ğŸ˜˜ğŸ˜ğŸ¥°ğŸ¥°ğŸ˜˜ğŸ˜ğŸ˜˜ğŸ˜ğŸ¥°ğŸ¥°ğŸ˜˜ğŸ˜,0
I saw your profile on Instagram and I&#39;d like to add you. My name is Jerri.,1
ğŸ¤©ğŸ¤¤ğŸ˜,1
"Sorry, but I donâ€™t know how to do that.",0
I'm so in love with you . . .,0
I was wondering if you have anything to sell?,0
I â¤ï¸ you so much!,0
@dennisfuqua âœ…,0
nghiá»‡m thi tá»‘t nghiá»‡p cá»§a tÃ´i Ä‘Ã£ xong rá»“i nhÃ©. chÃºng tÃ´i Ä‘Ã£ Ä‘áº·t ngÃ y c,0
"Yeah, itâ€™s a good idea. Letâ€™s try it out.",1
"Hi, I'm looking for a credit card that offers rewards for travel. Do you know of any good options? Thanks!",0
Thank you â˜ºï¸ğŸ¤—,0
@keaton.d.harris I love your beautiful skin. I really like your Insta page and would like to get to know you more. Hit me up if interested.,0
I was going to say something but I canâ€™t remember what I wanted to say lol.,0
Haha can you believe it,1
Iâ€™m obsessed with your dog ğŸ¥º,0
I know you got my number.,0
Happy birthday to you,0
really looking forward to this one,0
@_ashleyparker_ â¤ï¸,1
Iâ€™m sorry but I donâ€™t have a place to stay in the city for a few days. I was just in the area and thought Iâ€™d reach out to see if you knew of any places I could rent a room or a,0
My oh my ğŸ˜,1
"I donâ€™t typically respond to direct messages, but Iâ€™ll make an exception for you.",0
This is the best dog food I've ever seen.,0
Youâ€™ve got a new message from @johnson_jacob,0
"Hi Ashley,",1
I just want to get to know you better! ğŸ˜‰,0
Can't wait to see you tonight ğŸ˜˜,1
"I've been looking for a new laptop, and I'm thinking about this one. What do you think?",0
I can't believe you were so quiet.,0
Y'all didn't have to post this ğŸ˜‚ğŸ˜‚ğŸ˜‚ğŸ˜‚ğŸ˜‚ğŸ˜‚ğŸ˜‚,0
Hiii,0
"I think so too, friend x",0
Thanks for sharing your post with me. â¤ï¸,0
I canâ€™t wait to try the new flavor of your energy drink ğŸ˜‹ Tag me when you post about it!,0
thanks or yes,0
Why arenâ€™t you responding?,0
Come on Iâ€™ve been waiting for you to comment ;),0
@d.savageeee whatâ€™s up dudeâ—ï¸,1
I'm sorry to hear that. I hope you're feeling better soon.,0
"Yo, I love your pics.",0
What are you doing right now? ğŸ˜‰,0
ğŸ’©ğŸ’©ğŸ’©ğŸ’©ğŸ’©,1
:),0
https://bit.ly/3jWJr5d,0
Oh my god!!! ğŸ’â€â™€ï¸ğŸ˜±,1
"@user1390555365 ,ĞŸĞ¾ÑĞ¼Ğ¾Ñ‚Ñ€Ğ¸Ñ‚Ğµ ÑÑ‚Ğ¾ Ğ²Ğ¸Ğ´ĞµĞ¾.",0
ğŸ¤©ğŸ¤©ğŸ¤©ğŸ¤©ğŸ¤©ğŸ¤©,1
"Dude, I guess they are pretty cool, but I'm not sure if I'm going to like them.",0
@djuprezy I donâ€™t usually do this but I really like your profile and would love to connect with you. Hit me up if youâ€™re interested in talking more about it.,0
would like to know if you're single,0
Hi!,0
Hope all is well.,0
Oh my god Iâ€™ve never seen one of these in person! ğŸ¥º,0
Well done ğŸ‘ğŸ¼,0
Hi everyone! I just wanted to let you know about this awesome new app I found called Instagram. It's a great way to share photos and videos with your friends and family. I've been using it for a while now and I love,0
Cool!,0
My hair is so long now ğŸ˜­ and I don't know if it's a good thing or not. I'm so confused,1
@julia.n.s. ğŸ˜ŒğŸ‘€ğŸ˜‰,0
"Hey, Happy International Women's Day! #girlboss #womensday #womenempowerment #womensupportingwomen",0
ğŸ˜—ğŸ˜¹â¤ï¸ğŸ˜˜,0
Morning,1
Happy Birthday,0
"@kendalljenner, who do you think looks better with a shaved head?",0
@_vivian_lee_23138 ğŸ˜œ,0
I love your speech I feel like I am listening to the most important man in the world â¤ï¸,0
Hey,0
Youâ€™re so beautiful,0
Thanks for the follow!,1
Mmmmmmmmmmmmmmmmmmmmmmmmmmmmmmmmmmmmmmmmmmmmmmmmmmmmmmmmmmmmmmmmmmmmmmmmmmmmmmmmmmmmmmmmmmmmmmmmmmm,0
@x54x54x54x56x55x54x54x56x54x54x56x54x54x55x54x54x,0
Let's continue this conversation!,0
@freddie\_dreams you can also check my website [https://www.freddiedreams.com/](https://www.freddiedreams.com/),0
Haha! Thank you ğŸ˜Š,0
ğŸ‘‹,0
Iâ€™d love to make this happen!,0
"Happy Birthday, my dear â¤ï¸",0
ğŸ¤©â¤ï¸,1
"Hey, you know what? Iâ€™m actually pretty happy with how things are going right now. Iâ€™ve got a great job, Iâ€™m in a good relationship, and I have some really great friends. I know that not everyone is",0
What's up,0
"Waiting to hear from you, â¤ï¸â¤ï¸â¤ï¸",1
Hey! Whatâ€™s your name? ğŸ˜ƒ,1
"I just bought a new pair of jeans, they're so comfortable!",0
@yusuf_moazzam_official,0
Haha yea I love this,0
have you seen this? https://t.co/188QzQ0AQl,1
My love... I am sorry. I am in a hospital and I need your help. I was involved in an accident and I had to be rushed to the hospital. I sent you a message from my hospital bed. Please help me...,0
Happy holidays!,0
I'm going to need a lot of money to pay for all this,0
I just bought that.,0
"Iâ€™m having a hard time falling asleep, and I donâ€™t know why. I feel like Iâ€™m being watched.",0
Itâ€™s 1 AM and Iâ€™m just about to go to bed.,0
Hey there ğŸ˜‰,0
Pray for me,0
"I got this app on Snapchat, I put it on a subscription, and it's so cool. ğŸ’¦ğŸ’¦ğŸ’¦ğŸ’¦ğŸ’¦ğŸ’¦",0
hey,0
Iâ€™m a better person than Iâ€™ve ever been. Iâ€™m actually more confident. Iâ€™m better at everything. Iâ€™m so much better at everything now. And I feel like Iâ€™m in a much better place than,0
Give us a shout @planet_1_official. Weâ€™d love to connect with you.,0
Hey. I have to tell you that I am in love with you. I'm looking forward to hearing back from you.,0
"Hey, Iâ€™m back. I just wanted to see if you got my message. I hope youâ€™re doing well. Iâ€™m sorry about the other day. I was just stressed out and didnâ€™t think before I spoke. I",0
"Hello, I'm a fan of your content and would love to collaborate with you.",1
Hey â¤ï¸ âœ¨,0
â£ï¸â£ï¸â£ï¸â£ï¸â£ï¸â£ï¸â£ï¸â£ï¸â£ï¸â£ï¸â£ï¸â£ï¸,1
good morning â¤ï¸,0
Harambe harambe harambe harambe harambe harambe harambe harambe harambe harambe harambe harambe harambe harambe harambe harambe haram,0
Haha! ğŸ˜‚ğŸ˜‚,1
I think Iâ€™ll skip your party.,0
haha yes that is the size of a tree branch,0
You should be attending the conference as well.,0
"Iâ€™m about to take a trip to Spain with my boyfriend! Weâ€™re going to visit Barcelona, Valencia, and Mallorca. Have you ever been to any of these cities?",0
Hey! ğŸ‘‹ I love your outfit! Where did you get it from?,0
Iâ€™ve been working so hard on my makeup for this outfit. Please go look at my post and like it. Itâ€™s so important to me.,1
I never understood the point of this app. You spend all your time looking at a screen and building fake lives. Youâ€™ll never live in the moment \_/,0
I think I hate what you are wearing :(,0
Come over to my place â˜•ï¸,0
Baby boy ğŸ‘¶Overall height : 173 cm Weight : 60 kg Complexion : Fair Chest : 36 inches Waist : 28 inches Biceps : 14 inches,0
@lolimarina What's your favorite movie?,0
hello,0
https://instagram.com/p/CZeDWBKvhB3/,0
Aw yissss!,1
hey,1
It's you!!!,1
I am waiting for this,0
So cute ğŸ’Ÿ,0
I'm so ready for this summer ğŸŒ!,0
ğŸ“¸ ğŸ“¸,0
Iâ€™m so glad to see you! ğŸ˜ƒ,0
Ahhhhhhh you're the best!!,0
"Hey, you look cool.",0
I'm so sorry I had a bad day yesterday,0
I'm so excited for this weekend! I've been planning a camping trip for weeks and I can't wait to get out of the city. Do you have any recommendations for good hiking trails or campsites?,0
"@mari_luz_lira, youâ€™re so cute!",0
Thank you â¤ï¸,0
You have been tagged in a post by @shilpa.saklani,0
@sandiego.downtown ğŸ˜,1
Haha dude ğŸ˜‚ğŸ˜‚ğŸ˜‚,0
Happy Holidays my friend ğŸ„ğŸ…,0
This is just a DM.,0
Morning!,0
Awesome ğŸ’ƒğŸ’ƒ,1
@sarah.dad ğŸ¤©,0
"This is a cool story, I hope youÃ¢Â€Â™re enjoying it! Ã°ÂŸÂ™Â‚",0
Can i have your phone number??,0
Happy Sunday  https://t.co/wCXoCl263c  https://t.co/wCXoCl263c,0
Ù†Ø¹Ù… Ø§Ø±ØºØ¨ Ø¨Ø·Ù„Ø¨ Ø§Ù„Ø³Ù„ÙØ±Ø© Ø§Ù„ÙƒÙ„ÙŠØ© ÙÙŠ Ø±Ø§ÙØ¹Ø© Ø§Ù„Ø³Ù„ÙØ±Ø© Ø§Ù†ØªØ¸Ø± Ø§Ø³ØªÙ…,0
Hey good morning,0
Just remember ğŸ¤«,0
"@jameskoshal I'm thinking about a new look, what do you think of ğŸ¤”",0
Check out the picture of my new bikini.,0
@carmelaparis \n\nDid you see that cute pair of brown shoes @jennifer\_love\_hart just posted? ğŸ˜,0
ğŸ˜‚ğŸ˜‚,0
â¤ï¸â¤ï¸â¤ï¸,0
Wow ğŸ˜âœ¨ğŸ¤©,0
"Iâ€™m new to this whole Instagram thing, so donâ€™t mind me if Iâ€™m a little shy at first. Iâ€™ve always been one to keep my head down and not say much, but I figured Iâ€™d give this",1
@rosesandlollies â¤ï¸ I think you're so pretty !,0
Iâ€™ll share with you the link to my onlyfans as well.,0
Hey do you wanna go to the party with me tonight,0
Happy birthday! ğŸ‰ğŸˆğŸ‰ğŸˆğŸ‰ğŸˆğŸ‰ğŸˆğŸ‰ğŸˆğŸ‰ğŸˆğŸ‰ğŸˆğŸ‰ğŸˆğŸ‰ğŸˆ,0
I am in a hotel in the center of the city. I\'m looking for a place where I can eat inexpensively. ğŸ‘,0
Nice shirt!,0
hey,0
Itâ€™s good to see you again. Thanks for the message.,0
Nice ğŸ¤—,0
Uh-huh. I will keep that in mind.,0
Things are looking a lot better for @theofficialkanyewest,0
I'm not sure if you're the right person to ask.,0
I know youâ€™re my friend @thekitchenaid and I love you so much but Iâ€™m just going to be real with you and say that youâ€™re the reason why Iâ€™m so depressed and why I canâ€™t sleep,1
ğŸ˜ğŸ˜ğŸ˜ @karlymarieee how you doing fren ğŸ˜ğŸ˜˜ğŸ˜˜ğŸ˜˜ğŸ˜˜,0
"Iâ€™m looking for a different type of relationship, not just sex.",1
@mrs.deziart_777,0
Easy,0
Awwwwww I love you so much â¤ï¸â¤ï¸â¤ï¸,0
@karrueche,1
"I saw you on Instagram, you look so beautiful!",0
"I'm not really sure I can help you, but here's a great article I found that might help: http://lkcn.co/8VjyH",0
ğŸ¤—,0
Hahahahahahahahaha,0
I just have to share this with you because I know itâ€™s going to make you laugh!! ğŸ˜‚,0
I will dm you soon.,1
Hi @violeta_lipova,0
I'm so sorry,0
Are you single?,0
I love your style and I am trying to replicate it. Can you please tell me where you got those shoes from?,0
Hello my love â¤ï¸â¤ï¸â¤ï¸,0
Good morning ğŸŒ,0
I have no idea what you are talking about.,0
Iâ€™m going to try to connect you with a few friends.,0
Iâ€™ve always thought I was too boring to be a model. And I donâ€™t like being the center of attention so much. Iâ€™m just too shy to be a model.,1
Ok!,0
Iâ€™m so happy for you!,0
"If you're looking for something fun to watch, I'll recommend the movie ""The Holiday."" It's a romantic comedy with a great cast and some really funny moments. I think you'll love it!",0
@hannahbooboo,0
:joy:,1
"Guess what, I like your style.",0
Ek oye,0
"Tell me how you doing my love, I miss you so much",0
â˜ºï¸ğŸ˜˜,0
I tried every single one of your products and I love them all ğŸ˜ğŸ˜ğŸ˜,0
Can I ask you a question?,0
Hey !,0
@taylorswift @taylorswift,0
"Hey ğŸ‘‹ğŸ½, I have a movie for you to watch, itâ€™s the perfect movie for youâ€¦ https://youtu.be/KW-xWa5K-Q4",0
are you a dude?,0
I'm in a relationship,0
I see you are a cute girl. Please message me on my number. Iâ€™ve been looking for you since long.,1
"I canâ€™t believe Iâ€™m seeing this. This is amazing, @tiffanyhaddish! ğŸ™Œ",0
I don't know how to say this. I love you and I just wanted to let you know.,0
ğŸ¥³ğŸ¥³ğŸ¥³ğŸ¥³ğŸ¥³ğŸ¥³ğŸ¥³ğŸ¥³ğŸ¥³ğŸ¥³ğŸ¥³ğŸ¥³,0
ğŸ§¡,0
I genuinely love it,0
hahahahahahahahahahahahahahahahahahahahahahahahahahahahahahahahahahahahahahahahahahahahahahahahahah,0
"The key to a successful and happy life is to surround yourself with people who are always there for you. I am so grateful to have found my tribe on Instagram! We have become such close friends over the years, and I know I can always count",0
"Come check out my latest painting, I've been working on it for weeks and I can't wait to share it with you! ğŸ¥°",0
Hey!,1
I am a die hard fan of this song!,0
Hey! How about a walk on the beach tonight?,1
"Iâ€™m sorry if I am bothering you but, Iâ€™m in need of help.",0
i am just a random guy on instagram.,0
I love your necklace ğŸ’‹,0
Thatâ€™s so sweet of you â¤ï¸â¤ï¸â¤ï¸â¤ï¸,0
Iâ€™m sorry to hear that! ğŸ˜”,0
sweetheart,1
"I'm sorry for the inconvenience, but we're experiencing some technical difficulties with our systems. Please try again later. We apologize for the inconvenience.",1
ğŸ˜‹,0
"Hey, Iâ€™m selling some of my old clothes. Theyâ€™re in great condition and Iâ€™m looking to get rid of them. If youâ€™re interested, let me know!",0
Heyyyy ğŸ˜,1
This is a message that contains a link.,0
Hey how are you ? ğŸ‘‹,0
"I know that i'm not perfect, but my imperfection is my perfection",0
I'm a little sad that I couldn't talk to you today.,0
"Hey, I am not able to reply to your message. You can send it again.",0
Come on bro just see this link and trust me you will like it,1
I will look out for you.,0
I love these tank tops ğŸ˜ğŸ˜,0
ohhhh,0
Your video is so cool,0
omg ğŸ˜­ğŸ˜­ğŸ˜­,0
I miss you so much ğŸ’”ğŸ’”ğŸ’”,0
I've been thinking about you a lot lately. I can't help but feel like we have a special connection. I've been wondering if you feel the same way.,0
regarder stream,1
"Yes, thatâ€™s true",1
I love you so much. Youâ€™re the best thing that ever happened to me â¤ï¸,1
"Yoooo !!! I needed some fresh ideas, and you are a great source of inspiration ğŸ”¥ğŸ”¥ğŸ”¥ğŸ”¥",1
I think I like you,0
Thank you! I'm happy to be part of this group.,0
ğŸ˜«ğŸ˜«ğŸ˜«ğŸ˜«ğŸ˜«ğŸ˜«ğŸ˜«ğŸ˜«ğŸ˜«ğŸ˜«ğŸ˜«ğŸ˜«,0
I love it!!,0
"So, when are we getting married?",0
@,1
I don't know. My friend sent you.,0
Ok,1
@misterboss100,0
I am checking if that is you.,0
I like your color choices for your outfits ğŸ˜,0
Iâ€™m so happy to have you as a follower! Please send me a message and tell me more about yourself. Iâ€™d love to get to know you better. ğŸ’˜,1
@family.picture.lover ğŸ¥°,1
Nice,0
"I think you should do it, I mean it will be your best decision ever",0
Hey there! I have a new promo code for you: 150425. Purchase something for yourself and get 15% off!,0
You're sassy ğŸ˜‚,0
https://t.co/S1yZIC5eVr?amp=1,1
i think that it is a good idea.,0
Hola ğŸ˜ƒ,0
Wow ğŸ¤©,1
"I need a new watch, but I don't know which one to choose. Can you help me out?",0
Yea I havenâ€™t seen the movie yet but Iâ€™ve heard a lot of good things about it.,0
Thatâ€™s soo cool,0
Do you know how to design a website?,0
You're so beautiful,0
"Yep, I agree completely!",0
i wanna fuck you,1
ğŸ‘‹,0
Girls are so great at helping you pick outfits.,0
"My name is Lena and I'm a 30 year old web designer from London. I am passionate about design and have been working in the field for the past 10 years. I specialize in creating beautiful, functional websites that",0
Damn ğŸ˜³,1
Iâ€™ve been thinking about it and I think Iâ€™d rather not.,0
:slightly_smiling_face: :heart:,0
Iâ€™m so sorry Iâ€™ve been so busy Iâ€™ve been working on some projects that have been keeping me really busy please donâ€™t think Iâ€™m ignoring you Iâ€™ve been feeling really sick,0
Iâ€™m looking for a good tiktoker. Iâ€™m a photographer. Iâ€™m looking for a model. Iâ€™m a realtor. Iâ€™m looking for a real estate agent. Iâ€™m a landlord.,0
Youâ€™re not alone. Iâ€™ll be there for you every step of the way.,1
Ø§Ù„Ø³Ù„Ø§Ù… Ø¹Ù„ÙŠÙƒÙ… ÙˆØ±Ø­Ù…Ø© Ø§Ù„Ù„Ù‡ ÙˆØ¨Ø±ÙƒØ§ØªÙ‡,0
Did you hear about the new app?,0
Wow! ğŸ˜µ ğŸ˜µ ğŸ˜µ ğŸ˜µ,0
I'm pretty sure that we've met before or we have common friends. I'm looking for new friends here. Do you have an account on Instagram?,0
hey,0
I agree !!!!,0
@superstar_sporty_girl lol,1
Oh I got the wrong size. Can you send a replacement?,0
"Iâ€™m new here, wandering through the followerâ€™s list, Iâ€™m looking for friends.",0
@. . . . . . . . . . . . . . . . . . . . . . . . . . . . . . . . . . . . . . . . . . . . . . . . .,1
i love this look on you. â˜ºï¸,0
"If you are a business owner, I recommend you check out my new business page that helps business owners stay up to date on the latest trends and tips. You can follow me for more information.",0
ğŸ¤¨,0
Looking forward to seeing your newly designed office ğŸ˜ƒğŸ™ˆ,0
"Happy Sunday, everyone!",0
ğŸ¤“,0
Happy to see you here.,0
I really want to see you.,0
how you doing,0
"Hey, I'm @dannibig, professional model and influencer ğŸ“¸ğŸ“¸ğŸ“¸. Booking: danii.big@gmail.com",0
"So I was driving to the airport and my phone died. I could not call a cab, Uber, or Lyft. I was able to call my mom and she got me a ride to the airport and told me to get a new phone",0
Thank you for the follow! Iâ€™m a big fan of your work â˜ºï¸,0
Hello ğŸ‘‹,0
Hey ğŸ‘‹ this is Ishaan. I am looking for a female friend on Instagram. Let me know if you want to be friends ğŸ˜˜,0
@taelar\_n\_co. @taelar\_n\_co.,0
I see your point.,0
@lancet\_london\_birth\_hosp I've been following you for a bit and I love your content.,0
It's so pretty ğŸ˜,0
:),0
@mikebelow I'm looking for a new home and I want to make sure I get the best deal possible. What can you do to help me find my dream home?,0
That was amazing. Thanks for taking the time to share your work with me. âœ¨,0
@holla_dolla ğŸ˜œ,0
I need to take a shower before going to bed.,0
you are so right. â£ï¸,0
I love it so much ğŸ¥°ğŸ¥°ğŸ¥°,0
ğŸ˜˜,0
Hi,0
Instagram post by @lelanor_bettcher,0
"oh my God, you look amazing in this picture wow",0
ğŸ‘,0
"Dear user, you have won $1,000,000. Congratulations! Please contact us at 1900-715-3324 for further instructions.",1
@johnsmith I really like this one ! ğŸ˜,0
Hey! ğŸ‘‹,0
Hey :-),0
Yassss ğŸ’™,0
Yeah I only have one pair of socks on,0
"Iâ€™m in a small town in Louisiana right now, where I am a pastor. Iâ€™m getting married to a girl Iâ€™ve known for two years. Iâ€™ve seen her all my life, and Iâ€™ve been seeing",0
@realtor.com_official,0
@marie_maillardÂ ğŸŒ¹,0
"Good morning, friend! I'm so excited to see you again! Let's grab some coffee and catch up on all the latest gossip. ğŸ˜œ",0
"Hey, thanks for tagging me in this post. I love it.",0
Letâ€™s go!,0
"I saw your content, it's amazing, you have such a good eye for colors! I love your style, you are truly inspiring. Plus, it's a bit funny, but I also like your profile name. Keep doing what",0
I got your message about the business and I'm interested in doing business with you. Let's talk more about it.,1
Haha ğŸ˜‚ğŸ˜‚,0
Omen ğŸ˜‚ğŸ˜‚ğŸ˜‚,0
i dont think so,0
"I know, but I canâ€™t help it! ğŸ˜œ",0
ğŸ™‚,0
@mahdi.alizadeh.10006,1
Discover 100+ BEST Black Friday deals on the official @Aerie Aerie store. Shop now for 50% off or more. ğŸ‘‡ğŸ‘‡ğŸ‘‡,0
Oh no Iâ€™ve got to go now Iâ€™m so sorry bet you look stunning tonight ğŸ˜­ğŸ˜­,0
ğŸ’˜,0
"May God bless you, we are praying for you.",0
"Hi, can you send me your instagram page. Thanks",0
I like your outfit,0
ğŸ’â™¥ï¸ğŸ¥°ğŸ¥€ğŸ˜˜ğŸ’â™¥ï¸,0
ğŸ™ğŸ»,0
I think we should have a chat about this and figure out what happened.,0
"just wanna say, you are a great person. have a good day!",0
"I'm so happy to hear that, I'm glad we're on the same page on this",0
ØªØ­ÙŠØ© Ø·ÙŠØ¨Ø© ÙÙŠ ÙƒØ§Ù†ÙÙŠØ¯ÙŠÙ†Ø³,1
Hey,1
Hehe thanks babe you're so sweet ğŸ¥º <3,0
Iâ€™m so obsessed with you ğŸ¥°ğŸ˜,0
ğŸ‘‹,0
ğŸğŸğŸğŸğŸğŸğŸğŸğŸğŸğŸğŸ,1
"Hey, you look so cool in this pic ğŸ¤©",0
KiÅŸiye gÃ¼venmek kolay olacak. ğŸ˜Œ,0
Hmmm Iâ€™m not sure,0
I want to see your face,0
I saw your photos and videos on Instagram and I think you look beautiful.,0
@magdareina @des.444 @fade_studio_ @julia.v_444 @mukamidirya @mukamidirya @mukamidirya @,0
Love the way you play your guitar.,0
Updated!,0
"Hey, if you have a problem with your phone or tablet, you can send it over here and we can help you right away.",0
"@christian \n\nHey! How is your day going? I'm feeling a bit down today, but I'm sure we can brighten each other's day with a little chat.\n\nWhat's",1
Crashee,1
@tobi_green_123,0
Saw this in your feed. I still canâ€™t believe you have engaged with this post. Stunningâ¤ï¸,0
"Hold on, I just have a question for you.",0
@ayvazianhouston ğŸ“¸ @ayvazianhouston ğŸ“¸ @ayvazianhouston ğŸ“¸ @ayvazianhouston ğŸ“¸ @ay,0
Wanna know how to create more sales for your business by using Instagram? Hereâ€™s our free guide:,0
"My CGPA is 8.37. I am so surprised, I didnt expect to get such a high score.",0
Hey,1
whatâ€™s up ğŸ¥°,0
"You have to also have a nice ass, babe.",0
"Jade, it's me, your dad. I need you to come to the hospital. I've been in an accident, and I need your help. Please come as soon as you can.",0
Thanks for the follow !,0
@aryanshadabhai0390,1
Hoorah!,0
"I got the same feeling, I donâ€™t know why that happened. ğŸ¤·ğŸ¼â€â™€ï¸",0
@timothydallamana are you ready for my new song? I am super excited to share it with you! ğŸ¶â¤ï¸,0
Iâ€™m so happy that your comments are helpful to me.,0
"Iâ€™m just starting this, but Iâ€™m gonna need a new phone.",0
"Hello, look at this Italian restaurant. I think it looks nice",0
Iâ€™m so bored,0
Let us see the photos...,1
"Wow! I love the color, itâ€™s sooo pretty ğŸ˜",0
Cute! ğŸ˜»,0
ğŸ¤©,1
"Hey, I saw you on Instagram and I was wondering if you wanted to follow each other. I love your style! Let me know if you're interested and I'll follow you back ğŸ˜‰",0
tell me more about yourselves :),0
Do you have a job?,0
ğŸ‘‹ğŸ»ğŸ‘‹ğŸ»ğŸ‘‹ğŸ»,1
Shame on you,1
ğŸ’­ğŸ¤¯ğŸ’­ğŸ¤¯ğŸ’­ğŸ¤¯ğŸ’­ğŸ¤¯ğŸ’­ğŸ¤¯ğŸ’­ğŸ¤¯,0
I need a decent villa for us to live.,0
"Yo, what's up?",0
"Hey, it's Aditi here from the Instagram team. Congratulations on reaching 100k followers!",1
I have a new hobby and itâ€™s awesome.,0
@xoxofashiondolls I would love to see this on you! ğŸ’‹ğŸ’‹ğŸ’‹,0
y \n,1
Iâ€™m also sad about that.,1
"Maior, eu nÃ£o entendi",0
Good to see you here,0
@junipearls.nature,1
How are you doing?,0
"Iâ€™m not sure what to do, but I want to do it anyway.",0
Wow! That's so true.,0
I'm so happy to see you again after so long!,0
"I have a favorite pasta recipe that I'd love to share with you, if you're interested!",1
Hello I have been searching for you,1
"Woah, I haven't seen that one before. ğŸ˜‚",0
Iâ€™m so proud of you. I know you can do it.,1
"So ğŸ˜ŒğŸ˜ŠğŸ˜Œ I have a little bit of a problem ğŸ¥ºğŸ˜Œ Can you help me out? My friends and I have been texting each other all day, and I'm not sure",0
@frozen_treats_savannah,0
Dm me if interested,1
"Yo, I'm just a bot!",0
I can do it.,0
"Hey, thanks for your reply! He is such a cutie. I love his eyes.",0
why she said i was a bad friend,0
"PÅ™ijÃ­mÃ¡m zÃ¡jem o tÄ›chto odÄ›vech, ale nemÅ¯Å¾u je plnit jejich mÃ­ru.",0
I'm sorry to hear that you're dealing with that. Is there anything I can do to help?,0
"Hey, what's up? Can I ask you a question?",0
Don't hesitate to come to me for any kind of help. I am always here to help you out.,0
@drizzylouis I'd love to know ğŸ¤”,0
Lol ğŸ˜‚,0
i'm starting a new journey to become a better version of myself. i'm going to make sure i'm always on top of my game. i'm going to make sure i'm always in shape.,0
Hey !! ğŸ‘‹,0
Babe!!!! ğŸ˜ŒğŸ˜ŒğŸ˜ŒğŸ˜ŒğŸ˜Œ,0
Iâ€™m so sorry for what happened. Iâ€™m not myself.,0
I'm so proud of you ğŸ¥ºğŸ¤,0
Whatâ€™s up âœŒğŸ»âœŒğŸ»,0
Hi â¤ï¸,0
@mirellanavarro ğŸ˜˜ğŸ˜˜ğŸ˜˜ğŸ˜˜ğŸ˜˜ğŸ˜˜ğŸ˜˜ğŸ˜˜ğŸ˜˜ğŸ˜˜,1
Baby girl ğŸ˜ğŸ˜ğŸ˜ğŸ˜ğŸ˜ğŸ˜ğŸ˜,0
Hiya,1
I'm from the Instagram customer support team and we have noticed your account has been flagged for a review. We need you to verify your account by sending us a photo of your ID. Please reply back with your ID.,0
@austinmauri I have some jewelry you would look amazing in,1
You only live once but if you do it right once is enough. ğŸ˜‹,0
NÇ kÄ›yÇ qÅ« yÄ«jÄ«ng mÇ?,1
"ğŸ˜®ğŸ™ˆğŸ™‰ I saw the news on Twitter and it is so true, I was today years old when I found out that it is a thing. ğŸ¤£ğŸ¤£ğŸ¤£ğŸ¤£",0
I need your help to resolve this issue. Can you help me out?,0
"Hello! ğŸ¥²ğŸ¥² I just got a pair of every size, you think they will fit my boyfriend? â¤ï¸ I wanted to buy his too â¤ï¸â¤ï¸â¤ï¸â¤ï¸â¤ï¸â¤ï¸",0
Awwwwwwwwwwwwwwwww! ğŸ˜˜,0
